{
  "DummyClassifier": {
    "accuracy": 0.6766666666666666,
    "f1": 0.0,
    "roc_auc": 0.5
  },
  "LogisticRegression": {
    "accuracy": 0.8296666666666667,
    "f1": 0.7146845337800112,
    "roc_auc": 0.8789091463104972
  },
  "RandomForestClassifier": {
    "accuracy": 0.932,
    "f1": 0.889967637540453,
    "roc_auc": 0.9697882281245238
  },
  "cv_scores": {
    "DecisionTreeClassifier": 0.8905094679692328,
    "RandomForestClassifier": 0.9656629196720554,
    "GradientBoostingClassifier": 0.9552370101891605
  }
}